{
    "Version": "2012-10-17",
    "Statement": [
        {
            "Effect": "Allow",
            "Action": "logs:CreateLogGroup",
            "Resource": "arn:aws:logs:sa-east-1:*:*"
        },
        {
            "Effect": "Allow",
            "Action": [
                "logs:CreateLogStream",
                "logs:PutLogEvents"
            ],
            "Resource": [
                "arn:aws:logs:sa-east-1:*:log-group:/aws/lambda/http-metrics:*"
            ]
        },
        {
            "Effect": "Allow",
            "Action": "cloudwatch:PutMetricData",
            "Resource": "*"
        },
        {
            "Effect": "Allow",
            "Action": [
                "dynamodb:PutItem"
            ],
            "Resource": [
                "arn:aws:dynamodb:sa-east-1:*:table/Groups"
            ]
        }
    ]
}
